{"cameraMode":{"drawMode":0,"name":"Shaded","section":"Shading Mode"},"sceneLighting":false,"audioPlay":false,"sceneViewState":{"m_AlwaysRefresh":false,"showFog":true,"showSkybox":false,"showFlares":true,"showImageEffects":true,"showParticleSystems":true,"showVisualEffectGraphs":true,"m_FxEnabled":true},"in2DMode":false,"pivot":{"x":0.09130000323057175,"y":0.2203768640756607,"z":0.22130000591278077},"rotation":{"x":-0.16169500350952149,"y":0.8167764544487,"z":-0.274583101272583,"w":-0.48097875714302065},"size":0.07653919607400894,"orthographic":false}