{"cameraMode":{"drawMode":0,"name":"Shaded","section":"Shading Mode"},"sceneLighting":false,"audioPlay":false,"sceneViewState":{"m_AlwaysRefresh":false,"showFog":true,"showSkybox":false,"showFlares":true,"showImageEffects":true,"showParticleSystems":true,"showVisualEffectGraphs":true,"m_FxEnabled":true},"in2DMode":false,"pivot":{"x":0.16940000653266908,"y":0.29447686672210696,"z":0.2851000130176544},"rotation":{"x":-0.17163608968257905,"y":0.7500578761100769,"z":-0.21390387415885926,"w":-0.6018415093421936},"size":0.07653921097517014,"orthographic":false}