{"cameraMode":{"drawMode":0,"name":"Shaded","section":"Shading Mode"},"sceneLighting":false,"audioPlay":false,"sceneViewState":{"m_AlwaysRefresh":false,"showFog":true,"showSkybox":false,"showFlares":true,"showImageEffects":true,"showParticleSystems":true,"showVisualEffectGraphs":true,"m_FxEnabled":true},"in2DMode":false,"pivot":{"x":158.2249298095703,"y":-48.111000061035159,"z":151.53298950195313},"rotation":{"x":0.07940927147865296,"y":-0.013457096181809903,"z":0.0010727392509579659,"w":0.996753990650177},"size":313.0934753417969,"orthographic":false}